letters,logical,norm_dist_nums,nums
a,True,5.470121927931554,1
b,True,5.470121927931554,2
c,True,5.470121927931554,3
d,True,5.470121927931554,4
e,True,5.470121927931554,5
